sec,nanosec,frame_id,x,y,z,qx,qy,qz,qw
1783516023,346899827,base,0.10712005198001862,-0.5411520600318909,0.5887883901596069,0.0012082952662022448,0.7186126396324183,-0.6928799263336447,-0.05926053719837523
1783516029,688903275,base,0.10808458179235458,-0.5411383509635925,0.5884984731674194,0.0007040162205125147,0.718808363535165,-0.6927327646644531,-0.05861184512777304
1783516029,804899559,base,0.10897515714168549,-0.5411704778671265,0.5880435109138489,7.22622092026865e-05,0.7190528722586444,-0.6925124375416013,-0.05821941036612448
1783516029,966900318,base,0.10991936177015305,-0.5411421060562134,0.5876968502998352,-0.0003881522824359051,0.7192364120977061,-0.6923767804499869,-0.05756051544998211
1783516030,58895752,base,0.11085773259401321,-0.5411181449890137,0.5873439311981201,-0.0008708601006037111,0.719421634623866,-0.6922350995208133,-0.05694148586311504
1783516030,130900335,base,0.11177566647529602,-0.5411176681518555,0.5869432687759399,-0.0014767133541417883,0.7196339569659996,-0.6920512569817269,-0.05647867625282083
1783516030,197898967,base,0.11269819736480713,-0.5411286950111389,0.5865155458450317,-0.001996009511071052,0.7198594609856857,-0.6918589938084765,-0.05594176312505891
1783516030,267895764,base,0.11363485455513,-0.5411154627799988,0.5861400365829468,-0.002254225895086367,0.7200591749936575,-0.6917162918250626,-0.055120678030872276
1783516030,332898977,base,0.11458864063024521,-0.5411050915718079,0.585796058177948,-0.0022403499901873635,0.7202538334265908,-0.6916013636380212,-0.05400859889440993
1783516030,403896581,base,0.11554032564163208,-0.541142463684082,0.5854905247688293,-0.0016046438655961134,0.7204209430440841,-0.6915549904213134,-0.05237135334854897
1783516030,625897941,base,0.11654001474380493,-0.5411233305931091,0.5854253172874451,0.0013532729082790743,0.7202427150699849,-0.6920077806357654,-0.04872190303350065
1783516030,724898510,base,0.11754107475280762,-0.5410683155059814,0.5855375528335571,0.000761480645788473,0.7199385976375681,-0.6923581568865121,-0.04824926803506161
1783516030,802900765,base,0.1185399517416954,-0.5411418676376343,0.5856080055236816,0.00023517553442097962,0.7198066621563786,-0.6925335030321006,-0.04770370439201948
1783516030,888894912,base,0.11953122168779373,-0.5412230491638184,0.5857671499252319,4.5195206024463715e-05,0.7197084625173179,-0.6926912882961609,-0.04688786910646417
1783516030,997900401,base,0.1205306202173233,-0.5412709712982178,0.5859017968177795,4.1885242148284405e-05,0.7195723270025457,-0.6928965362470975,-0.04593519120996
1783516031,89900277,base,0.12153182178735733,-0.5412320494651794,0.5859749913215637,-4.4620308739790443e-05,0.719484498791501,-0.6930603793977206,-0.04482587463548098
1783516031,157899550,base,0.12254021316766739,-0.5412707328796387,0.5859975814819336,-0.0001953180771996832,0.7194647383935726,-0.6931539965366158,-0.04368026078242908
1783516031,219898029,base,0.12354763597249985,-0.5413264036178589,0.585946798324585,-9.58117184298046e-05,0.7195190812561606,-0.6931771532002272,-0.04239919000753867
1783516031,278895983,base,0.12455260753631592,-0.541343629360199,0.5859183073043823,-9.047549532023203e-07,0.7195257426909547,-0.6932444208103337,-0.041168707393266064
1783516031,338895943,base,0.125562384724617,-0.5413691997528076,0.5859771370887756,0.00014355599169465317,0.7194920782885165,-0.6933521403842506,-0.039924283793320435
1783516031,400897141,base,0.12656624615192413,-0.541411280632019,0.5861040949821472,0.00010573854436254695,0.7194552719021214,-0.6934499329553344,-0.038875322624483684
1783516031,462897531,base,0.12756086885929108,-0.5414765477180481,0.5862369537353516,9.243141271593982e-07,0.7194137779966857,-0.6935448392892908,-0.03793911803894283
1783516031,525895737,base,0.1285679191350937,-0.5414902567863464,0.5863329768180847,-0.0003146631338492931,0.7193985311829734,-0.6936040304627008,-0.03713625019586635
1783516031,589897826,base,0.12957462668418884,-0.541525661945343,0.5863874554634094,-0.00047361739324837626,0.7194517301880837,-0.6936013119740524,-0.03614112668763491
1783516031,652894567,base,0.13057349622249603,-0.5415356755256653,0.5864423513412476,-0.0006124898068615461,0.7195023778886218,-0.6936011776012165,-0.0351188712566923
1783516031,717898189,base,0.13158051669597626,-0.5415357351303101,0.5864936709403992,-0.0006576950997239809,0.7195451538883942,-0.6936124001873811,-0.0340028246185423
1783516031,786898167,base,0.13258875906467438,-0.5415211915969849,0.5865229368209839,-0.0009220863060740145,0.7195985232454285,-0.6936011308547588,-0.033084575005891986
1783516031,854899644,base,0.13359497487545013,-0.5415260791778564,0.586445689201355,-0.0013224398451774449,0.7197024847322501,-0.6935286010878383,-0.03232101068404559
1783516031,919896384,base,0.13459840416908264,-0.5415120720863342,0.5862933397293091,-0.0016194618887055217,0.7197766079577612,-0.6934872202042762,-0.03153548300496484
1783516031,981894945,base,0.13557732105255127,-0.5415201783180237,0.5860679149627686,-0.0018228923257795993,0.7198286805760497,-0.6934665934375431,-0.030780294033361175
1783516032,44899894,base,0.13655276596546173,-0.5415158271789551,0.5858334898948669,-0.0021332422237641145,0.7198506886189437,-0.693469901251729,-0.030164861802208814
1783516032,120920056,base,0.13753433525562286,-0.541525661945343,0.5856388211250305,-0.0023666103291341473,0.7197924095995079,-0.6935555494188009,-0.02956329924431727
1783516032,207897733,base,0.13853859901428223,-0.5415505766868591,0.585553765296936,-0.002505788058131222,0.7196907729433882,-0.693690287884213,-0.028856213941085587
1783516032,301900064,base,0.13953343033790588,-0.5416790246963501,0.5855390429496765,-0.0020124896049077056,0.7196682546643347,-0.693770113929864,-0.027505913554807943
1783516032,410900091,base,0.14053216576576233,-0.541755199432373,0.5855201482772827,-0.0008797691225451271,0.7194364764115809,-0.694079889939976,-0.025758375993740045
1783516032,510895423,base,0.14152891933918,-0.5418890714645386,0.5854843258857727,9.628985708295445e-06,0.7186350607449348,-0.6949363035005489,-0.02504299216039248
1783516032,595895475,base,0.14252793788909912,-0.5419750809669495,0.58547043800354,0.0005324927754826609,0.7176178280188644,-0.6959918812233036,-0.02489336791478866
1783516032,671896027,base,0.14353647828102112,-0.5420246124267578,0.5854058265686035,0.0015108744760821387,0.7167292122516997,-0.6969328547572798,-0.024115240253244134
1783516032,742896801,base,0.14454470574855804,-0.5420316457748413,0.5853927731513977,0.002775606493413305,0.7158013942399143,-0.6979185484899942,-0.023029596461086214
1783516032,815894753,base,0.14554569125175476,-0.5420049428939819,0.5853912234306335,0.003172477704211917,0.7149262488162286,-0.698824606851919,-0.02268402510516275
1783516032,878898056,base,0.14655253291130066,-0.5419368743896484,0.5853002667427063,0.0031225029750236023,0.7145826251686919,-0.6991944138288314,-0.022115465394292558
1783516032,936898238,base,0.1475590616464615,-0.541960597038269,0.585211992263794,0.003155135174303099,0.7143625873750726,-0.699441193752645,-0.0214043353173466
1783516032,985903672,base,0.14856672286987305,-0.541949987411499,0.5851661562919617,0.003253476804495284,0.7141674873896968,-0.6996659678355246,-0.020536460733131128
1783516033,29894379,base,0.14956672489643097,-0.541969895362854,0.5851303935050964,0.003372018561617275,0.7140104577968414,-0.699851439376824,-0.01963811431420257
1783516033,72900596,base,0.15057270228862762,-0.5420119166374207,0.5851298570632935,0.0031496646436599343,0.7138688218558581,-0.7000134849847977,-0.019039874314775156
1783516033,114905001,base,0.15157534182071686,-0.5420185327529907,0.5851765275001526,0.002823907675333685,0.7137351667409638,-0.7001660328506505,-0.01848407024137511
1783516033,159900743,base,0.15257126092910767,-0.5420922040939331,0.5852386355400085,0.0024919003712790665,0.7136383834767374,-0.7002798023763308,-0.01795080107842929
1783516033,206896378,base,0.15358927845954895,-0.5421217679977417,0.585314154624939,0.0022200395963216067,0.7135156592432037,-0.7004215518742055,-0.017324191309044733
1783516033,253895873,base,0.15459005534648895,-0.542137861251831,0.585352897644043,0.0018850975481084556,0.7134493036542706,-0.7005048666864988,-0.016716948461103828
1783516033,305894948,base,0.15560351312160492,-0.54217928647995,0.5853662490844727,0.0015696024671178082,0.7134470929895247,-0.70052359996381,-0.01604609869425119
1783516033,367896045,base,0.15661171078681946,-0.5421695113182068,0.5853431820869446,0.0012042137813519118,0.7134447106593518,-0.7005411443140185,-0.01540390240147928
1783516033,444895564,base,0.15761232376098633,-0.5421566367149353,0.5852487683296204,0.001043622906581155,0.7133840375346264,-0.7006188977084657,-0.01467257265211641
1783516033,521906065,base,0.15860509872436523,-0.5421444773674011,0.5850937366485596,0.0009408717916857947,0.7130661519705875,-0.7009509195365453,-0.014267825993534234
1783516033,583899939,base,0.1595946103334427,-0.5421367287635803,0.5849279165267944,0.0008567025722784814,0.7126542215427151,-0.7013753218221951,-0.013995220882988851
1783516033,639896987,base,0.1605961173772812,-0.5421133637428284,0.5847983360290527,0.0007832285998050906,0.7122294482196374,-0.7018130999961051,-0.013673775773339813
1783516033,687904325,base,0.16160626709461212,-0.542090117931366,0.5846955180168152,0.0010167910698847778,0.7118520552706973,-0.7022093273488837,-0.012949094716819189
1783516033,730900605,base,0.16260360181331635,-0.5420904755592346,0.5845658183097839,0.0010886600456052429,0.7115550206900263,-0.70252141284827,-0.012326466958646485
1783516033,773899924,base,0.16360227763652802,-0.5420826077461243,0.5844667553901672,0.0010379277787849683,0.7112719618921303,-0.7028173302801738,-0.011786188105548632
1783516033,822901247,base,0.16461054980754852,-0.5421204566955566,0.5843934416770935,0.0009419593235427242,0.7109877223442664,-0.7031099563259899,-0.011487647752241174
1783516033,874902893,base,0.16561061143875122,-0.5421327352523804,0.5843414068222046,0.0007473021304275397,0.7107838486579184,-0.7033209790396882,-0.011196252315476473
1783516033,923900203,base,0.16662852466106415,-0.542133629322052,0.5842589139938354,0.00032342203132950314,0.7107898686926403,-0.7033233869898817,-0.010669855774404312
1783516033,973896013,base,0.1676279902458191,-0.5421507954597473,0.58420729637146,-5.5592369868008216e-05,0.7108842854705438,-0.703237918807263,-0.00999809690611568
1783516034,26898615,base,0.16864384710788727,-0.5421522259712219,0.5841501355171204,-0.0004638125159200571,0.711030939532648,-0.7030995993344984,-0.009259560263979326
1783516034,77902152,base,0.169641375541687,-0.5421554446220398,0.5840742588043213,-0.000935260680435883,0.711177529468171,-0.7029590954859086,-0.008610805953919028
1783516034,130896585,base,0.1706514209508896,-0.5421556830406189,0.5839766263961792,-0.001437544543118355,0.7113124232481197,-0.7028288653144449,-0.00800877043585266
1783516034,184900626,base,0.17165590822696686,-0.5421375036239624,0.5838900804519653,-0.0019325841326111666,0.7114210413354027,-0.7027242610464799,-0.007413090760872259
1783516034,239896628,base,0.1726667881011963,-0.5421288013458252,0.583833634853363,-0.0023913299405124086,0.7114738491971376,-0.7026752023301297,-0.006841487914969263
1783516034,293894997,base,0.1736844927072525,-0.5420958995819092,0.5837918519973755,-0.0028703355838192806,0.7115238730146283,-0.7026281252488757,-0.006264256011702498
1783516034,349895849,base,0.1746973693370819,-0.5421034097671509,0.583737313747406,-0.0033143556513168643,0.7115743266985238,-0.7025796670617881,-0.005725979833535805
1783516034,421903983,base,0.17569595575332642,-0.5421279668807983,0.5836555361747742,-0.0035422697313021168,0.711694553236892,-0.7024594099824006,-0.0053932037641919285
1783516034,509895400,base,0.1766997128725052,-0.5421660542488098,0.5835480690002441,-0.0038398656655726413,0.7116882362757324,-0.702466273161242,-0.0051237100909493
1783516034,618902810,base,0.1776864230632782,-0.5421795845031738,0.5833671689033508,-0.004229458926521339,0.7113658769190248,-0.7027901925302197,-0.005161765364926607
1783516034,710896312,base,0.17865703999996185,-0.5422237515449524,0.5831281542778015,-0.004564548775052915,0.7105207761141537,-0.7036374444415023,-0.00580812248634324
1783516034,783896089,base,0.179629385471344,-0.5422281622886658,0.5828652381896973,-0.004953833098680907,0.7097616300440277,-0.7043957087537478,-0.006368989949849914
1783516034,844904860,base,0.1805914044380188,-0.5422210693359375,0.5825591683387756,-0.005445458806428091,0.7093109717341954,-0.7048429290489119,-0.006687376360624492
1783516034,909901105,base,0.18156225979328156,-0.5422265529632568,0.5823091268539429,-0.0059202222589659894,0.7088724291318041,-0.70527750734317,-0.006961055786278672
1783516034,985900001,base,0.18253159523010254,-0.542190670967102,0.5820420980453491,-0.0064557136957650516,0.7085760701250556,-0.7055694374293056,-0.007074711362398706
1783516035,58895332,base,0.1834830939769745,-0.5421672463417053,0.5817345380783081,-0.007091897623561085,0.7087234930537533,-0.7054179819281634,-0.006794914551745147
1783516035,130897148,base,0.18444804847240448,-0.5421287417411804,0.5814525485038757,-0.007739514433539848,0.708902616604394,-0.7052343997752644,-0.0064499340494109806
1783516035,191898363,base,0.18541750311851501,-0.5421131253242493,0.5811701416969299,-0.008376470179577612,0.7090943994285336,-0.7050373776408647,-0.006103207149253165
1783516035,247895640,base,0.1863967478275299,-0.5420836210250854,0.5809600353240967,-0.008965943950871033,0.7092770780624308,-0.7048501605711173,-0.005645252971863133
1783516035,298896244,base,0.1873895227909088,-0.5420902371406555,0.5807656049728394,-0.009512810984989503,0.7094890358111163,-0.7046337499315481,-0.005107318362871697
1783516035,347897859,base,0.18837596476078033,-0.5421289801597595,0.5805872082710266,-0.010024511016291421,0.7097151929812947,-0.7044026612655436,-0.004551994249323147
1783516035,398898104,base,0.18937508761882782,-0.5421885251998901,0.5804252028465271,-0.010508978833822515,0.7099573621961566,-0.7041550406967543,-0.00397108640082453
1783516035,452900432,base,0.19037450850009918,-0.5422723889350891,0.5802806615829468,-0.010924023131533856,0.7102281691914016,-0.7038785346908641,-0.003411056564184845
1783516035,506896474,base,0.19136923551559448,-0.5423181653022766,0.5801844596862793,-0.011305009253568709,0.710483579525684,-0.703617130457877,-0.0028649442207668682
1783516035,561896544,base,0.19238097965717316,-0.5423519015312195,0.5801010727882385,-0.01170320955126002,0.710732208338091,-0.7033615769445,-0.002292120853305975
1783516035,620896413,base,0.19338199496269226,-0.5423570275306702,0.5800254940986633,-0.012097274613449989,0.7109669619326973,-0.7031191694475241,-0.0017480535182122722
1783516035,675895690,base,0.19438013434410095,-0.5423429012298584,0.5799413919448853,-0.012587017039753626,0.7111434741309287,-0.7029331872228365,-0.0012075448242084021
1783516035,728895831,base,0.19539152085781097,-0.542319655418396,0.5798444747924805,-0.013132201939964722,0.7112874585179205,-0.7027781985379922,-0.0007043439374281547
1783516035,774901278,base,0.19639211893081665,-0.5422763824462891,0.5797492265701294,-0.013688427033767615,0.7114205836405343,-0.7026331387976416,-0.00021362395304484953
1783516035,815895849,base,0.19739054143428802,-0.5422368049621582,0.5796324014663696,-0.01424568899502371,0.7115608864645743,-0.702479937253618,0.00027002902400406173
1783516035,853897188,base,0.1983896642923355,-0.5422157645225525,0.5795122385025024,-0.014775718882126811,0.7117124021359078,-0.7023151030219666,0.000785034850153736
1783516035,890898583,base,0.19940803945064545,-0.5421951413154602,0.5793922543525696,-0.015296629281417102,0.7118593572338253,-0.7021542093481293,0.001317421771175317
1783516035,927901228,base,0.2003992646932602,-0.5422073006629944,0.5792510509490967,-0.015768160567729506,0.7120240007881259,-0.7019756498286222,0.001836885528442649
1783516035,966895602,base,0.20139828324317932,-0.5422306060791016,0.579095184803009,-0.016230808102797832,0.7121896051918805,-0.7017955983485035,0.0023354209020433445
1783516036,4898587,base,0.20240598917007446,-0.5422309637069702,0.5789543390274048,-0.016694498642669246,0.7123327103560753,-0.7016375193758673,0.0028631938179992373
1783516036,40898214,base,0.20339828729629517,-0.542239785194397,0.5788289308547974,-0.01713884634819959,0.7124841328054577,-0.7014706458243849,0.0033981462778974883
1783516036,77895764,base,0.20440194010734558,-0.5422554612159729,0.5787216424942017,-0.017519026947314147,0.7126395858033467,-0.7013003576781913,0.003964296865219985
1783516036,114895972,base,0.20539851486682892,-0.542255163192749,0.5786365866661072,-0.017918272918772394,0.7127656853290287,-0.7011588299445517,0.0045057204725894775
1783516036,153900403,base,0.2064048945903778,-0.5422592163085938,0.5785530805587769,-0.018333104394485544,0.7128781591919314,-0.7010302913772329,0.005013751473311534
1783516036,192899857,base,0.20741641521453857,-0.5422316193580627,0.5784850716590881,-0.01876191754916548,0.7129590070274262,-0.7009329054476471,0.005523012729230462
1783516036,232896076,base,0.2084333896636963,-0.5421949625015259,0.5784340500831604,-0.0191952898294494,0.7130346871177963,-0.7008400148849846,0.006026425164735913
1783516036,273900811,base,0.20944778621196747,-0.542156994342804,0.5783858299255371,-0.019582002439951778,0.713119556300075,-0.7007384904981031,0.006528069633183396
1783516036,315902235,base,0.2104509323835373,-0.5421499013900757,0.5783514976501465,-0.019850606190979017,0.7131957449564098,-0.7006484012470134,0.007042018542189152
1783516036,359895595,base,0.21146175265312195,-0.5421607494354248,0.5783398151397705,-0.01995398827928892,0.713256057720553,-0.7005779775016183,0.007623824760518106
1783516036,406903623,base,0.21246740221977234,-0.5422109365463257,0.5783399343490601,-0.01983467249450462,0.713359936299415,-0.7004682731742207,0.008269150637885987
1783516036,451899967,base,0.2134854644536972,-0.5422028303146362,0.578327476978302,-0.019615123306515315,0.7134624624177438,-0.700360638526366,0.009029853008627372
1783516036,498900221,base,0.21450060606002808,-0.5422334671020508,0.5783171653747559,-0.019170705638581153,0.713517165836553,-0.7003058786937811,0.0098693047397145
1783516036,544900006,base,0.21550358831882477,-0.5422571301460266,0.5783200263977051,-0.018230043200754425,0.7134822346988937,-0.700346200533959,0.011223017332645857
1783516036,592895999,base,0.21651412546634674,-0.5422786474227905,0.5783112645149231,-0.017472999308317867,0.7133152148035002,-0.7005166387994526,0.012349846372392123
1783516036,639895262,base,0.2175147980451584,-0.542278528213501,0.578274667263031,-0.017259328627968078,0.7130601230724744,-0.7007702733311351,0.012976271133400665
1783516036,688898681,base,0.2185204029083252,-0.542273759841919,0.5782618522644043,-0.017069844148446662,0.7127842696427712,-0.70104436221314,0.013564367034644613
1783516036,735894890,base,0.21952010691165924,-0.5422596335411072,0.5782824158668518,-0.016688516856892332,0.7125565971071752,-0.7012689419597503,0.014368801587690713
1783516036,783900328,base,0.22053661942481995,-0.5422687530517578,0.578311562538147,-0.016188987284261387,0.7123916630405103,-0.7014300249335468,0.015229397925620945
1783516036,835896357,base,0.2215534746646881,-0.5422855615615845,0.5783395767211914,-0.015691067883048224,0.712276841999539,-0.7015424279821261,0.015928051566506028
1783516036,895898154,base,0.22255456447601318,-0.5423372983932495,0.5783339738845825,-0.015441205356161317,0.712174775025921,-0.7016469884608867,0.016129437758102053
1783516036,958902678,base,0.2235686033964157,-0.5423099398612976,0.5783008337020874,-0.015356747937312358,0.712031759434713,-0.7017905550979503,0.016277252491562134
1783516037,14898280,base,0.22458478808403015,-0.5423144102096558,0.5782777070999146,-0.015286501202078773,0.7118991575852417,-0.7019131944864035,0.016845616257899106
1783516037,69898909,base,0.22558625042438507,-0.5422919988632202,0.5782570242881775,-0.015128462176502863,0.7117053430421938,-0.7020968677885369,0.01751112094994713
1783516037,125900335,base,0.22658607363700867,-0.5422782897949219,0.5782046914100647,-0.015050368723328954,0.7114824615774588,-0.7023101489545722,0.018073333226087583
1783516037,179896164,base,0.2275995910167694,-0.5422516465187073,0.57814621925354,-0.015070228830467627,0.7113609744266135,-0.7024159090054923,0.018717489715705825
1783516037,233895556,base,0.22860084474086761,-0.5422363877296448,0.5780967473983765,-0.015113851510383,0.7113070694932653,-0.7024515010952076,0.019382771535934453
1783516037,290896539,base,0.22960010170936584,-0.5422055721282959,0.5780441761016846,-0.015231209316881524,0.7113089288769259,-0.7024301614110018,0.01998680029582609
1783516037,356895640,base,0.23060184717178345,-0.5422238111495972,0.5779871940612793,-0.01552582310128066,0.7113325942279827,-0.702388211152313,0.02038877774750563
1783516037,421896931,base,0.2316061407327652,-0.5422176718711853,0.5778895616531372,-0.015962909034231323,0.7115212651650741,-0.7021707155101197,0.020950680531710925
1783516037,479895529,base,0.23260147869586945,-0.5422493815422058,0.577762246131897,-0.016394278041944228,0.7117465197202377,-0.7019160406406271,0.02149364295053573
1783516037,527896158,base,0.23360034823417664,-0.5422772169113159,0.5776394009590149,-0.016847558758171104,0.7119692469036395,-0.7016634944634168,0.02200604097787604
1783516037,569900885,base,0.23460744321346283,-0.5422506928443909,0.5775123238563538,-0.017339426535888148,0.7121684899500983,-0.7014327082264621,0.02252831609876314
1783516037,606898352,base,0.23560193181037903,-0.5422012805938721,0.5773641467094421,-0.01784354230410587,0.7123676256292025,-0.7012009435395851,0.02304751606285618
1783516037,643895653,base,0.2366148680448532,-0.5421941876411438,0.5771788954734802,-0.018337112135889826,0.7125999328317618,-0.7009348590187899,0.023566728544672944
1783516037,679899321,base,0.23760943114757538,-0.542194664478302,0.5769860148429871,-0.018810178564548547,0.7128381148033596,-0.7006624418102928,0.024085927038631487
1783516037,714895763,base,0.2386086881160736,-0.5421550273895264,0.5767736434936523,-0.019334216998471567,0.7130624028535232,-0.7004028923119135,0.02457609380534163
1783516037,749897405,base,0.23958714306354523,-0.5421403050422668,0.5765540599822998,-0.019834121587894014,0.7132978187628619,-0.7001322700385594,0.025052552025691437
1783516037,786901460,base,0.24058590829372406,-0.5421309471130371,0.5763353705406189,-0.020334545842670092,0.7135476905534833,-0.6998450582036915,0.02555535619113646
1783516037,823896843,base,0.24157705903053284,-0.5421431064605713,0.5761449337005615,-0.020795417975445346,0.713802122681241,-0.699552513453083,0.026083715026341533
1783516037,862896279,base,0.24257376790046692,-0.5421885251998901,0.5759814977645874,-0.021225336537056223,0.7140673178780499,-0.699248406086367,0.026627133403427032
1783516037,904896143,base,0.24356956779956818,-0.5422290563583374,0.5758345127105713,-0.021650130424215257,0.7143262683143912,-0.6989495292060184,0.027181219885275235
1783516037,948903325,base,0.24456743896007538,-0.5422695279121399,0.5756659507751465,-0.022088291424475753,0.714586165601131,-0.6986492967647941,0.027710295882860145
1783516037,994897142,base,0.2455599009990692,-0.5422965884208679,0.5755050182342529,-0.02252368510429274,0.7148307912464918,-0.6983640979371005,0.02823479953234547
1783516038,41896060,base,0.24655427038669586,-0.5423063635826111,0.5753624439239502,-0.022970147033239043,0.7150634967892908,-0.6980897309449932,0.028762358112653656
1783516038,87930104,base,0.2475462406873703,-0.5423065423965454,0.5751911401748657,-0.023434617681469254,0.715286039885443,-0.6978259150191313,0.029251972297185354
1783516038,136898813,base,0.24853579699993134,-0.542323112487793,0.5750143527984619,-0.023904804223343033,0.7154880480481763,-0.6975852410269763,0.029668735193272712
1783516038,190898367,base,0.24952177703380585,-0.5423085689544678,0.5748063921928406,-0.024438831135870923,0.7156836293339216,-0.6973510067326234,0.030020553307077875
1783516038,242896924,base,0.25049304962158203,-0.5422625541687012,0.5745405554771423,-0.025052186807165238,0.7158569606933672,-0.6971412114937386,0.030254523020196225
1783516038,290900772,base,0.251461386680603,-0.5422645211219788,0.5742741227149963,-0.02567800465678039,0.7160152040538601,-0.6969503243150545,0.03038220808454966
1783516038,342897045,base,0.2524649500846863,-0.5422288179397583,0.5741164088249207,-0.026329678192444833,0.7161126060435837,-0.6968231508029896,0.030446082233559418
1783516038,387905127,base,0.25347211956977844,-0.54219651222229,0.5739672780036926,-0.02697036491632965,0.7162142361860665,-0.6966905049884846,0.03053031191834017
1783516038,429896593,base,0.2544855773448944,-0.5422032475471497,0.5738348364830017,-0.027551839515529523,0.7163491760906762,-0.6965219502703425,0.030690785436441288
1783516038,468901109,base,0.2554858922958374,-0.5422202348709106,0.5736939907073975,-0.02808786246539891,0.7165177647052517,-0.6963159740501511,0.030942427313243193
1783516038,507898883,base,0.2564869523048401,-0.5422430038452148,0.5735691785812378,-0.02859041935816962,0.716701283564324,-0.6960925371207975,0.031257540933226365
1783516038,546895220,base,0.2574903666973114,-0.5422706604003906,0.5734190344810486,-0.029090017585537073,0.7169024606683717,-0.6958497048756233,0.03158812438320143
1783516038,585910057,base,0.25848761200904846,-0.5422680377960205,0.573265016078949,-0.02959029657182616,0.7170978402833889,-0.6956108455582234,0.0319477461636918
1783516038,626906232,base,0.25948938727378845,-0.5422726273536682,0.5730690956115723,-0.03009544242465887,0.7173159448574051,-0.6953471367607432,0.032318057581333944
1783516038,674900478,base,0.26047927141189575,-0.5422981381416321,0.5728843808174133,-0.030555976933808043,0.7175546053031063,-0.6950613918127316,0.03273190851023289
1783516038,735899742,base,0.2614684998989105,-0.5422988533973694,0.5727020502090454,-0.030991940730998035,0.7177989481590009,-0.6947658734346263,0.03323464752526457
1783516038,807900275,base,0.26245495676994324,-0.5423139929771423,0.5725235939025879,-0.03140653023973096,0.7180343127902774,-0.6944807339617074,0.033717700567074925
1783516038,872901840,base,0.2634475827217102,-0.5423372983932495,0.5723789930343628,-0.031629490784212795,0.7182727595037625,-0.6941906035331435,0.034397874330334144
1783516038,926900975,base,0.2644531726837158,-0.5423396229743958,0.5722694993019104,-0.031836493114269566,0.7185147337085173,-0.6938935675074828,0.03513854163071724
1783516038,973901308,base,0.2654525339603424,-0.5423486232757568,0.5721957683563232,-0.031976520935243,0.718759842473516,-0.6935918200671475,0.03594654893352781
1783516039,19896098,base,0.2664612829685211,-0.5423457026481628,0.5721220374107361,-0.032209327454429844,0.7190013677884712,-0.6932919513330618,0.036685592982770285
1783516039,66895316,base,0.2674770951271057,-0.5423920750617981,0.572047233581543,-0.03245617098425449,0.7192637393068924,-0.6929710804768724,0.03738111284008548
1783516039,114896206,base,0.2684961259365082,-0.5424163341522217,0.5719753503799438,-0.03268686309412504,0.719516317127689,-0.6926584633633118,0.038106297175940156
1783516039,160896601,base,0.26949822902679443,-0.5424190759658813,0.5719029307365417,-0.033025467827501376,0.7197514365360934,-0.6923637288516014,0.0387253349961689
1783516039,205897109,base,0.2705121636390686,-0.5424190163612366,0.5718239545822144,-0.0333944898848081,0.719989948397085,-0.6920640218781502,0.03932754652132828
1783516039,249896246,base,0.2715173065662384,-0.54239422082901,0.5717368125915527,-0.03377044587739194,0.7202142010702078,-0.6917784162321374,0.039920708670108794
1783516039,293897789,base,0.2725166976451874,-0.5423875451087952,0.5716394782066345,-0.03415896381135418,0.720444529487592,-0.6914869086025898,0.040480714270903155
1783516039,338896719,base,0.27352458238601685,-0.5423917770385742,0.5715569853782654,-0.03453340785158532,0.7206797957844292,-0.6911896315271364,0.041048133260125234
1783516039,382902319,base,0.27454689145088196,-0.542361855506897,0.5714818239212036,-0.034937493030323126,0.7209011687085161,-0.6909038171721844,0.04162664101483494
1783516039,424898073,base,0.27556630969047546,-0.5423110127449036,0.5714157223701477,-0.035332464250804635,0.7211147679575278,-0.6906241973969998,0.042229094561755304
1783516039,464895429,base,0.27657416462898254,-0.5422931909561157,0.5713511109352112,-0.03570155455989073,0.721344123249968,-0.6903288173303812,0.042827061602266646
1783516039,505896232,base,0.2775881290435791,-0.5422869920730591,0.5712839961051941,-0.0360570896367411,0.721574316862488,-0.6900324929486918,0.043422645581090595
1783516039,549896892,base,0.27859532833099365,-0.542306661605835,0.5711981654167175,-0.03639868362694615,0.7218242417899148,-0.6897160170393192,0.04400810701921633
1783516039,594900710,base,0.2796023488044739,-0.5423572063446045,0.5711060762405396,-0.036742264190593614,0.7220895762062697,-0.6893839546070653,0.04456906164213637
1783516039,637900323,base,0.2805999219417572,-0.5423689484596252,0.5710083246231079,-0.037102098454667345,0.7223380232269785,-0.6890677502341549,0.04513124459268916
1783516039,678900891,base,0.28159427642822266,-0.5424465537071228,0.570870041847229,-0.03744032680549227,0.7226159948014065,-0.6887242822455347,0.04564205352420945
1783516039,718898713,base,0.282588392496109,-0.5425182580947876,0.5707767009735107,-0.03776473701242139,0.722881068880042,-0.6883935046507483,0.046164501367791766
1783516039,757900002,base,0.283610075712204,-0.542508065700531,0.5706868767738342,-0.03815087464001142,0.7231040501516874,-0.6881024249652997,0.046691404171581186
1783516039,793895423,base,0.2846340537071228,-0.5424489974975586,0.5705928802490234,-0.03854494852299557,0.7233015954931862,-0.687835506598541,0.04723774689336806
1783516039,826899897,base,0.28564032912254333,-0.5424069166183472,0.570500373840332,-0.0389257888401683,0.7234975518520176,-0.6875717887659273,0.047760652973449544
1783516039,860895901,base,0.28665968775749207,-0.5424014329910278,0.5704386830329895,-0.03924080192401301,0.7237032554872688,-0.687297700663239,0.04832814878870515
1783516039,895901465,base,0.287682443857193,-0.5423722863197327,0.5703834295272827,-0.03955689356410162,0.7239226026116611,-0.6870047068347388,0.048947174196943194
1783516039,933898618,base,0.2887100279331207,-0.5423843860626221,0.5703170299530029,-0.03986452689858852,0.7241618202213608,-0.686691895301242,0.04954498251402846
1783516039,973900413,base,0.2897275388240814,-0.5424394011497498,0.5702411532402039,-0.04015100535428028,0.7244279073840842,-0.6863524333338019,0.05012412875149051
1783516040,14897286,base,0.29074493050575256,-0.5425068736076355,0.5701766610145569,-0.04044514359150822,0.7246928308347621,-0.6860144044965136,0.05068239285264775
1783516040,54902124,base,0.29174917936325073,-0.5425414443016052,0.57013338804245,-0.04071886723227071,0.7249226683293584,-0.6857131597262356,0.05124981802876127
1783516040,97900246,base,0.29276829957962036,-0.5425841808319092,0.5700973272323608,-0.04095110460932378,0.7251424640721053,-0.6854232619746684,0.05183004045505981
1783516040,142900184,base,0.29377707839012146,-0.5425429344177246,0.5700731873512268,-0.041286721261461684,0.725326731810098,-0.6851673456977361,0.05236643464610971
1783516040,193902855,base,0.29478493332862854,-0.5424852967262268,0.5700603723526001,-0.041563485041743564,0.7255016222723448,-0.6849197137276847,0.05296069639292009
1783516040,250896709,base,0.2957867383956909,-0.5424156188964844,0.5700588226318359,-0.041661096277693585,0.7256674598806933,-0.6846796747574388,0.053710538320284176
1783516040,311896254,base,0.2967904508113861,-0.5423672795295715,0.57005375623703,-0.04179738029859632,0.7258473698018731,-0.6844244846041966,0.05442163826615968
1783516040,374900032,base,0.2978016436100006,-0.5423780679702759,0.5700668692588806,-0.04187222250580508,0.7260145747783556,-0.6841804905132927,0.055196101351235746
1783516040,441901491,base,0.2987934947013855,-0.5425220131874084,0.5701112747192383,-0.04167053477485215,0.7262070918405855,-0.6839263332089962,0.05596072448416527
1783516040,508901764,base,0.29979172348976135,-0.542611300945282,0.5701857209205627,-0.04169526336535508,0.7262998697187425,-0.683795165330367,0.056339625532891645
1783516040,578895760,base,0.30080437660217285,-0.5426734685897827,0.5702235698699951,-0.04193043154685572,0.7263525119733971,-0.6837137680467847,0.05647432987720863
1783516040,653897528,base,0.30181601643562317,-0.5426512360572815,0.5702577233314514,-0.04215846085734269,0.7262878296149768,-0.6837680113387256,0.05647971653801192
1783516040,760895883,base,0.3028002679347992,-0.5424720048904419,0.5703319907188416,-0.04235148516437446,0.7259243481465274,-0.684173833916302,0.056092379013469695
1783516041,17902741,base,0.3035959005355835,-0.5418639779090881,0.5703023076057434,-0.04303112459385813,0.725810585440278,-0.6841987026748234,0.05674002471293404
1783516041,995895394,base,0.3045916259288788,-0.5419854521751404,0.5703689455986023,-0.03500135676654737,0.7249166371867208,-0.684816326052799,0.06555429919840622
1783516042,156900492,base,0.3055923283100128,-0.5420432686805725,0.5702585577964783,-0.034851877529171765,0.7230795226410957,-0.6867217487860411,0.0659893677514502
1783516042,304896529,base,0.30658623576164246,-0.5421570539474487,0.5702901482582092,-0.03452390586969061,0.7216461558417568,-0.6882880645258549,0.06553192736692555
1783516042,418895279,base,0.3075838088989258,-0.5422489643096924,0.5702688097953796,-0.034315689090882354,0.7216532990169768,-0.6882301255717621,0.06616823126507188
1783516042,551897294,base,0.3085872530937195,-0.5422894954681396,0.5703296661376953,-0.03388135461463744,0.7218417403838752,-0.6879499260913194,0.06724180772143884
1783516042,645901114,base,0.3095877170562744,-0.5423076748847961,0.5704348087310791,-0.03316929568835336,0.721993408487942,-0.6876971376995412,0.06854145510037202
1783516042,714900425,base,0.31059589982032776,-0.5422772765159607,0.5705590844154358,-0.03245625462303886,0.7221247742007733,-0.6874614098088114,0.06985117656713564
1783516042,770897762,base,0.3116024434566498,-0.5422250032424927,0.5706655383110046,-0.03131757890213741,0.7222612222761168,-0.6871951633929694,0.0715594052999315
1783516042,823900568,base,0.31260156631469727,-0.5422079563140869,0.5707540512084961,-0.030532411235035323,0.7223614806766098,-0.6869914454616637,0.07283150907543003
1783516042,880896023,base,0.31360337138175964,-0.5422396063804626,0.5708133578300476,-0.03049100419569986,0.7224775647583038,-0.6868132684576963,0.07337563744512604
1783516042,945899205,base,0.3146057724952698,-0.5423268675804138,0.5708794593811035,-0.030808523822532366,0.7226011351884096,-0.6866529045698097,0.07352707742313944
1783516043,9894820,base,0.31559327244758606,-0.5424842834472656,0.5709353685379028,-0.030968070121816457,0.7227652196948374,-0.6864475172781762,0.07376470712316335
1783516043,65895643,base,0.31659337878227234,-0.5425112843513489,0.5710524916648865,-0.030902972174960637,0.7228929138569931,-0.6862498889157075,0.07437680949583969
1783516043,114898371,base,0.31759965419769287,-0.5425148010253906,0.5711451768875122,-0.03085607511093361,0.7230209950823966,-0.6860483976301073,0.07500756480700056
1783516043,160902037,base,0.3186059892177582,-0.5424890518188477,0.5712361335754395,-0.030834934550583667,0.7231267138700279,-0.6858703303775363,0.07562303866924594
1783516043,202896600,base,0.31961679458618164,-0.5424097776412964,0.5713244080543518,-0.030803459242318067,0.7231893003979698,-0.685738444673549,0.07623100092366542
1783516043,241900245,base,0.3206213116645813,-0.5423375964164734,0.5714089870452881,-0.0307834180572583,0.7232105191534681,-0.6856624880028788,0.07671942974722376
1783516043,280896453,base,0.32162046432495117,-0.5422956347465515,0.5714972019195557,-0.03080822102804778,0.7232218693931857,-0.6856091390439705,0.07707850221040817
1783516043,319901541,base,0.32262200117111206,-0.5422826409339905,0.5716003775596619,-0.030689580497906828,0.7232445603243406,-0.6855375424700366,0.07754811901012865
1783516043,360897533,base,0.32363373041152954,-0.542290985584259,0.5716924667358398,-0.030697558732522192,0.7232222698805779,-0.6855371816195783,0.07775582903536382
1783516043,403897316,base,0.32463550567626953,-0.5422719120979309,0.5717653036117554,-0.030942274796371214,0.723114358837901,-0.6856553111005038,0.07762086072709656
1783516043,451896471,base,0.3256506323814392,-0.5422878265380859,0.5718458294868469,-0.031191638822158602,0.7229205279780795,-0.6858948451700673,0.07720907400148876
1783516043,502901229,base,0.3266618847846985,-0.5421750545501709,0.5719160437583923,-0.03131198373338536,0.7226017886337321,-0.6862889733532276,0.0766397394957228
1783516043,558903026,base,0.32766222953796387,-0.5422559976577759,0.5719603300094604,-0.030173788660227904,0.7222637405752601,-0.686668962057929,0.07687890452997279
1783516043,618897228,base,0.328664094209671,-0.542362630367279,0.5720338821411133,-0.028757968828862515,0.7218918449791751,-0.6870996440124205,0.07706641388087099
1783516043,677900749,base,0.3296676278114319,-0.5424810647964478,0.5721251964569092,-0.02649411231705438,0.7215414785982018,-0.6874501380182069,0.07802723134039226
1783516043,741904349,base,0.33067354559898376,-0.5424776077270508,0.5722042322158813,-0.025117354755915273,0.7210472882388851,-0.6880597017935707,0.07767737643302057
1783516043,801901977,base,0.33167052268981934,-0.5424473285675049,0.57233726978302,-0.023670819795861595,0.7204447751015869,-0.6887765426487016,0.07736835126316134
1783516043,861899168,base,0.33267998695373535,-0.5424296259880066,0.5724288821220398,-0.021485577364742207,0.7198740621690409,-0.689433634679136,0.07746581983327219
1783516043,923903971,base,0.33367645740509033,-0.5424597263336182,0.5725409984588623,-0.01870522616741435,0.719290588351848,-0.6900904844316043,0.07775778008015947
1783516043,987917663,base,0.33466699719429016,-0.5423368811607361,0.5726596117019653,-0.016675847700621558,0.7186320618863319,-0.690892700599673,0.07718247694755517
1783516044,49896791,base,0.3356672525405884,-0.5424665212631226,0.5725851058959961,-0.016320056381268055,0.7180302186571206,-0.6917455689003721,0.07519511197443768
1783516044,106903549,base,0.33668023347854614,-0.5424471497535706,0.5726708173751831,-0.01645352328783962,0.7173001392973152,-0.6926860668044977,0.07345590954575981
1783516044,162896045,base,0.33767619729042053,-0.5424010753631592,0.5727744102478027,-0.016180635859417713,0.7165771308008121,-0.6935290161945009,0.07261468191950034
1783516044,224900577,base,0.33867621421813965,-0.5423061847686768,0.5728273987770081,-0.015437698176399709,0.7158979751720508,-0.6942603641641089,0.07248652013723156
1783516044,300895619,base,0.33967089653015137,-0.5423001050949097,0.5727100372314453,-0.015115544916184238,0.7153616820950528,-0.6948662836605,0.07204193059988225
1783516044,381896464,base,0.3406746983528137,-0.5423259139060974,0.5726678967475891,-0.014918242585455764,0.715056196938484,-0.6951901091710467,0.0719916621898844
1783516044,446896644,base,0.3416731059551239,-0.5424198508262634,0.5725935697555542,-0.014745962852673204,0.7150563183916272,-0.695164379784902,0.07227381196433133
1783516044,498896293,base,0.34268346428871155,-0.5425078868865967,0.57254558801651,-0.014827148685617424,0.7151225639368699,-0.6950830007420917,0.07238423502331033
1783516044,543901899,base,0.34369346499443054,-0.5424933433532715,0.5725143551826477,-0.015278908729476341,0.7151988113740062,-0.6949991054080805,0.07234260918196506
1783516044,587898750,base,0.34470659494400024,-0.5424759387969971,0.5724997520446777,-0.01570137063089203,0.7152940163910537,-0.694888352602844,0.07237476987321548
1783516044,629899188,base,0.34571561217308044,-0.5424143671989441,0.5724703073501587,-0.01616285828467497,0.7153701059279046,-0.6947976317725237,0.07239192721285478
1783516044,669896005,base,0.34672093391418457,-0.5423354506492615,0.5724565386772156,-0.016597520122360498,0.715454629410707,-0.6946908472334131,0.07248331321951544
1783516044,708896651,base,0.3477250337600708,-0.5422652959823608,0.5724542737007141,-0.01697682662729357,0.7155783681533203,-0.6945332581195606,0.07268372232083442
1783516044,748897846,base,0.348734974861145,-0.5422366857528687,0.5724547505378723,-0.01729886357683902,0.7157495738227491,-0.6943212839963552,0.07294679914906183
1783516044,791897929,base,0.34973931312561035,-0.5422771573066711,0.5724717378616333,-0.01755085343152405,0.7159521822571747,-0.6940784045960972,0.07320942167014072
1783516044,838904426,base,0.35075023770332336,-0.5423157811164856,0.5725160837173462,-0.01781271543086437,0.7161325711048219,-0.6938610398464085,0.07344176963396158
1783516044,885897032,base,0.3517626225948334,-0.5423193573951721,0.572540819644928,-0.018166293572600332,0.7162504377335689,-0.6937203528246101,0.0735346552144064
1783516044,931895780,base,0.35278040170669556,-0.5423261523246765,0.5725765824317932,-0.0185516855003507,0.7163357492251884,-0.693622320472341,0.0735323826569895
1783516044,975896058,base,0.35378989577293396,-0.5423128008842468,0.5726086497306824,-0.018944208042337613,0.7164145793009394,-0.6935336225412663,0.07350088419475058
1783516045,19901974,base,0.35480380058288574,-0.5423760414123535,0.5726319551467896,-0.01935798420222037,0.716467839984459,-0.693488222972365,0.07330191748546046
1783516045,62895257,base,0.35582661628723145,-0.542446494102478,0.5726709961891174,-0.01984247177774386,0.7164523975626607,-0.6935297509535097,0.07292956575128663
1783516045,102895728,base,0.35683417320251465,-0.5424174666404724,0.5726749300956726,-0.02044840011777768,0.716363879698556,-0.6936531805137638,0.07245621787629106
1783516045,141899916,base,0.3578619956970215,-0.5423912405967712,0.5726267099380493,-0.021146901405042908,0.7162296392070813,-0.6938387389394104,0.07180327075622804
1783516045,179898255,base,0.35887545347213745,-0.5423498749732971,0.5725939273834229,-0.02185417172879449,0.7160733596658846,-0.6940474129421689,0.07113037181832732
1783516045,217900936,base,0.35988470911979675,-0.5423110723495483,0.57258141040802,-0.02257243209558739,0.7158832148357573,-0.6942959933072207,0.07039008952709808
1783516045,256897187,base,0.36089417338371277,-0.5422912240028381,0.5725980997085571,-0.02328752554885759,0.7156709528858316,-0.6945727495049507,0.06958053464658272
1783516045,299906381,base,0.36189505457878113,-0.5423223376274109,0.5726431012153625,-0.02396532674512277,0.715453465670863,-0.6948590768408602,0.06872290559082644
1783516045,352896888,base,0.3628946542739868,-0.5423902273178101,0.5727254748344421,-0.024607892898970623,0.7152125262012434,-0.6951887904555903,0.06766119181616911
1783516045,424896684,base,0.36389535665512085,-0.5423489809036255,0.5727841854095459,-0.025423462311415117,0.7148425217524123,-0.6956657105565885,0.0663552017298169
1783516045,530897302,base,0.36489278078079224,-0.5422775745391846,0.5727066993713379,-0.026765482977115264,0.7141175043213945,-0.6965611288701105,0.06420585333652366
1783516045,620896553,base,0.36584925651550293,-0.5422861576080322,0.5724035501480103,-0.028077297835526403,0.7135361162707096,-0.6972880898023761,0.062186837998295705
1783516045,690898028,base,0.3668080270290375,-0.5422788262367249,0.5721092820167542,-0.029328322081991858,0.7130331576271217,-0.697891497183488,0.06058885141358114
1783516045,753895162,base,0.367759108543396,-0.5423299670219421,0.5717878341674805,-0.03053324194806971,0.7125713907362125,-0.6984503804237516,0.05896437595919158
1783516045,828896041,base,0.3687235713005066,-0.5423935055732727,0.5715170502662659,-0.03168293703775645,0.7121401628570435,-0.6989866665179241,0.05718581641078023
1783516045,931897233,base,0.3697074353694916,-0.5424484610557556,0.5713361501693726,-0.03306151302145217,0.711804973226822,-0.6994064028474011,0.05541922651677237
1783516046,49897370,base,0.37069880962371826,-0.5424124002456665,0.5711453557014465,-0.03490330711111496,0.7115928681799906,-0.6996750586668309,0.053592692397025896
1783516046,137905096,base,0.37166520953178406,-0.5424272418022156,0.5708433389663696,-0.03778762704772852,0.7112960104707987,-0.7000508426931349,0.05058544579397704
1783516046,218896450,base,0.3725740909576416,-0.5424168109893799,0.5704154372215271,-0.04231842362765042,0.7108726478435536,-0.7005452770466423,0.04588630454045503
1783516046,500896456,base,0.3734726309776306,-0.5425317287445068,0.5699870586395264,-0.05847512788405822,0.709432571588828,-0.7017313712701708,0.029311164453532098
1783516046,639894993,base,0.3744378685951233,-0.5425129532814026,0.5697025060653687,-0.06358031113501013,0.7091159822377898,-0.701780731453435,0.02481666163381224
1783516046,719899232,base,0.37540102005004883,-0.5425001978874207,0.5693891644477844,-0.06708339066596862,0.7090936029347924,-0.7015734870059364,0.02192525961970979
1783516046,787894830,base,0.3763929307460785,-0.5425060391426086,0.5691987872123718,-0.07178023256312703,0.7089397531974855,-0.7013787995598371,0.01788235864672635
1783516046,842898411,base,0.3773927688598633,-0.5424943566322327,0.5691271424293518,-0.07576468086663296,0.7088243183799036,-0.7011524385638074,0.01459584936975844
1783516046,887900570,base,0.3783973157405853,-0.5423992276191711,0.5690706372261047,-0.0791365297995974,0.708715446786402,-0.7009392978213146,0.01199613523569952
1783516046,930895703,base,0.3794100880622864,-0.5423219799995422,0.5690191984176636,-0.08221840763054468,0.7086409188099151,-0.7006958955284476,0.009666273101119624
1783516046,978895548,base,0.3804265558719635,-0.5422804951667786,0.5689339637756348,-0.08639011336062963,0.7084436152363685,-0.7004322551768571,0.0062480246467451995
1783516047,34902110,base,0.381427139043808,-0.5423407554626465,0.5688056945800781,-0.09125866288294275,0.7081792853561488,-0.7001069720043896,0.0020363762524543898
1783516047,112900393,base,0.3824079632759094,-0.5425010323524475,0.5686391592025757,-0.09756999737334514,0.7077510737177553,-0.6996819675648976,-0.003694413867012612
1783516047,348899069,base,0.3833130896091461,-0.5425727963447571,0.5682198405265808,-0.11430691622264828,0.705646017765673,-0.6990068684419537,-0.019672520976546367
1783516047,486896487,base,0.38422882556915283,-0.5426422953605652,0.5678174495697021,-0.12072855294602176,0.7049419265421261,-0.6984491091766025,-0.02550207739630225
1783516047,626900479,base,0.38506874442100525,-0.5426045060157776,0.5672726035118103,-0.125150734319456,0.7044708845637991,-0.6979976295209597,-0.02928074392209395
1783516047,704896048,base,0.38588011264801025,-0.5425794124603271,0.566672146320343,-0.1302301775925461,0.7037708257814337,-0.6975857880762508,-0.03347831362923904
1783516047,765894943,base,0.38668251037597656,-0.542548656463623,0.5660490393638611,-0.13163569728112073,0.7037391121557887,-0.6973256970714781,-0.034061135396207226
1783516047,817901311,base,0.38743722438812256,-0.5424937605857849,0.5653795599937439,-0.13306290326092576,0.7036764453574819,-0.6970876474805698,-0.03467745136713144
1783516047,874896507,base,0.38816508650779724,-0.5424663424491882,0.5646914839744568,-0.13474378080611354,0.7035509040649619,-0.6968479735997996,-0.03554051575519078
1783516047,948896191,base,0.3888379633426666,-0.5424394011497498,0.563947319984436,-0.13701748951295198,0.7032582179998462,-0.6966257326395869,-0.03696820471517438
1783516048,73895293,base,0.3894858956336975,-0.5424434542655945,0.5631850361824036,-0.1405768522081675,0.702652202200995,-0.6963864345909909,-0.03954694603842349
1783516048,157898236,base,0.39016756415367126,-0.542426347732544,0.5624493360519409,-0.14322116636253632,0.7022789484342672,-0.6961101412229583,-0.041504733561998165
1783516048,209895336,base,0.390836238861084,-0.5423803925514221,0.5616908073425293,-0.14566532535130372,0.7019573906430302,-0.6958027940554166,-0.04354185117324927
1783516048,249894917,base,0.39152830839157104,-0.5423377752304077,0.5609459280967712,-0.14767911206148965,0.7017286113961544,-0.6955037581968813,-0.04519220912314303
1783516048,284906428,base,0.39224013686180115,-0.5423063039779663,0.5602066516876221,-0.14924949150321512,0.7015861000621542,-0.6952264721798876,-0.046493876787208434
1783516048,316895512,base,0.39295151829719543,-0.5422758460044861,0.5594869256019592,-0.1501998311469427,0.7015357262243302,-0.6950215037037424,-0.04725160258234463
1783516048,347905656,base,0.39367419481277466,-0.5422483682632446,0.5587555170059204,-0.15100233709193644,0.7014903928011822,-0.6948477736719493,-0.047917304928561534
1783516048,377904744,base,0.3943902254104614,-0.542217493057251,0.5580404996871948,-0.15180773386238086,0.7014145864398442,-0.6946994850127765,-0.04862721489602038
1783516048,408903741,base,0.3951384723186493,-0.5421753525733948,0.5573520660400391,-0.1526967766416137,0.701273012305341,-0.6945872971554485,-0.04948084548327694
1783516048,439902890,base,0.39589792490005493,-0.5421786904335022,0.5566612482070923,-0.15356525787117278,0.7010943086298644,-0.6945064019198013,-0.05045126526731898
1783516048,471900248,base,0.39666372537612915,-0.5421652793884277,0.5559866428375244,-0.15446531661915675,0.7008722418526317,-0.6944545037959827,-0.05149275306011568
1783516048,505909948,base,0.3974231779575348,-0.542156457901001,0.5553224682807922,-0.15546775938016408,0.7005451261625756,-0.6944644567668906,-0.05277708208333442
1783516048,544904335,base,0.39822086691856384,-0.5421057939529419,0.5547133684158325,-0.1565960956299289,0.6999834894450778,-0.6946482759176528,-0.05444760999938234
1783516048,582895851,base,0.39899593591690063,-0.542076826095581,0.5540679097175598,-0.1577663322920737,0.6993351571720553,-0.694885351686914,-0.05634230835410234
1783516048,620899218,base,0.39976242184638977,-0.542083203792572,0.5533998012542725,-0.15897045314367172,0.6986460328151002,-0.6951344682059847,-0.058396737797914225
1783516048,658898667,base,0.4005652070045471,-0.5420613288879395,0.5527632832527161,-0.16017456868954552,0.6979205214233248,-0.6954136272957698,-0.06042282159977306
1783516048,693903186,base,0.4013427197933197,-0.5420497059822083,0.5520930290222168,-0.1613737649785553,0.6972173251992843,-0.6956648388940827,-0.062425380293884024
1783516048,729905150,base,0.4021396040916443,-0.5420239567756653,0.5514451861381531,-0.16264280870472622,0.6964140906174991,-0.6959754424144993,-0.06459801909347657
1783516048,769904796,base,0.4029797911643982,-0.5419601798057556,0.5508717894554138,0.16399949934927055,-0.6954547476988809,0.6963871780407902,0.06702045818373377
1783516048,810899439,base,0.40374329686164856,-0.5419837832450867,0.5502171516418457,0.16526568403763392,-0.6945796209291749,0.6967122619618328,0.06955874153283677
1783516048,861898570,base,0.40453529357910156,-0.5419626235961914,0.5495906472206116,0.16658497106629847,-0.6935737978497876,0.6971028699644048,0.07247351698026842
1783516048,918898790,base,0.4053638279438019,-0.5419684052467346,0.5490009784698486,0.1679347092577925,-0.6925892526171403,0.6974790791352976,0.07510651392113644
1783516048,978900758,base,0.4061307907104492,-0.5419922471046448,0.5483466386795044,0.16920661622417085,-0.691703910555926,0.6977985621725261,0.07740790148070802
1783516049,41894678,base,0.4069036543369293,-0.5419179201126099,0.5476781725883484,0.17047980311025282,-0.6909440695613486,0.6980474854153365,0.0791367968588214
1783516049,86894742,base,0.40764057636260986,-0.5418878793716431,0.5469827651977539,0.1716321510705086,-0.690419942154011,0.698168496431458,0.08014642888956203
1783516049,123898144,base,0.40838301181793213,-0.5418661832809448,0.5462868213653564,0.1727430902681946,-0.6899899609983664,0.698234020031998,0.08088842188081374
1783516049,155898453,base,0.40910691022872925,-0.5418275594711304,0.545574963092804,0.17375616431506122,-0.6896894663795018,0.698220807861918,0.08139367869251786
1783516049,186898458,base,0.40979838371276855,-0.5418578386306763,0.5448105335235596,0.17467000571770142,-0.6894997082295389,0.6981230687524095,0.0818823500684111
1783516049,218900246,base,0.41047409176826477,-0.5419206619262695,0.5440682768821716,0.17548580566528105,-0.6893834575592618,0.6979841559149659,0.08230006878171094
1783516049,252896030,base,0.41115057468414307,-0.5419215559959412,0.5433058738708496,0.17627922901364404,-0.6893130931634355,0.6978090967170307,0.08267727728229309
1783516049,291905156,base,0.41179123520851135,-0.5419021844863892,0.5425170063972473,0.17700833973567695,-0.6893130456684902,0.6975799786575315,0.08305272178087947
1783516049,333896746,base,0.4123964011669159,-0.5419208407402039,0.5417060256004333,0.17767699965313027,-0.6893919889225633,0.6972986682307015,0.08333143053839824
1783516049,374900820,base,0.4129880666732788,-0.5419209003448486,0.5408840179443359,0.17842035301691986,-0.6894482511378843,0.6970208139633456,0.08360180453042015
1783516049,422896045,base,0.4135894775390625,-0.541925311088562,0.5400810837745667,0.17917099390513683,-0.6895085890585922,0.6967404209731602,0.08383569498274608
1783516049,474900512,base,0.41423720121383667,-0.5419076681137085,0.5393113493919373,0.17991083644134556,-0.6895799685207273,0.696463792366264,0.08396264696548537
1783516049,526897809,base,0.4149205684661865,-0.5418975949287415,0.5385661125183105,0.1806139406785198,-0.6896632967969244,0.6961958797427223,0.08399059677386683
1783516049,577899648,base,0.4156382083892822,-0.5418775677680969,0.5378539562225342,0.18132876574179083,-0.6897323382001371,0.6959469407480368,0.08394663174269691
1783516049,625896977,base,0.41637954115867615,-0.541862964630127,0.5371408462524414,0.18205289711819414,-0.6897998331597409,0.6956964789399217,0.0839008429949031
1783516049,672900924,base,0.4171137511730194,-0.5418792963027954,0.5364579558372498,0.1826573334573058,-0.6899270817509154,0.6954159207661589,0.08386653039756778
1783516049,716899802,base,0.41785869002342224,-0.5418275594711304,0.5357757210731506,0.18326106209643592,-0.6900545111151904,0.6951321528041148,0.08385369209692083
1783516049,757900120,base,0.4185953438282013,-0.5418375134468079,0.5350978374481201,0.18381667921451386,-0.6902088657670908,0.6948323507362537,0.08385198360385838
1783516049,794895560,base,0.41934680938720703,-0.5418349504470825,0.5344171524047852,0.1843868624365602,-0.6903578839015078,0.6945337561662983,0.08384705443970221
1783516049,829896649,base,0.42009398341178894,-0.5418211221694946,0.5337425470352173,0.1849658592626592,-0.6904949996004662,0.6942455525325341,0.08382946349662743
1783516049,861901088,base,0.42085516452789307,-0.541796088218689,0.5330785512924194,0.18559042978525497,-0.6905994858130988,0.6939821384766001,0.08376942548370056
1783516049,892898939,base,0.4216209650039673,-0.5417788028717041,0.5324015617370605,0.18619739954414008,-0.6907240513093181,0.6937005362216102,0.08372799623259516
1783516049,923900358,base,0.4223632216453552,-0.5417662262916565,0.5317143797874451,0.1867173578308145,-0.6909043935233051,0.6933765355525215,0.08376594399528443
1783516049,955901196,base,0.4231163263320923,-0.5416989922523499,0.5310536623001099,0.18724260230867765,-0.6910723649145809,0.6930658649384953,0.0837789176395884
1783516049,987898023,base,0.42385798692703247,-0.5416556000709534,0.5303758382797241,0.187756861632603,-0.6912485669620947,0.6927467302460883,0.08381366259067441
1783516050,20900234,base,0.4246043860912323,-0.5416290163993835,0.5296853184700012,0.18827005275175193,-0.6914297489125781,0.6924202280736217,0.08386591320135495
1783516050,54895332,base,0.4253143072128296,-0.5416263937950134,0.5289793014526367,0.18877135616839635,-0.6916157975454136,0.6920879927419759,0.08394737190605997
1783516050,90896020,base,0.42601603269577026,-0.5415769815444946,0.5282613039016724,-0.18930538945885228,0.6917801737586767,-0.6917692285873364,-0.08401788159813942
1783516050,126903427,base,0.426663339138031,-0.5415790677070618,0.527490496635437,-0.18983976879650527,0.691952734567326,-0.6914322942686295,-0.08416445470864398
1783516050,163896826,base,0.4272995889186859,-0.5416014194488525,0.5266938805580139,-0.19037629164359443,0.6921312684970083,-0.691087087897046,-0.08431958702543803
1783516050,198900124,base,0.4278753697872162,-0.5416199564933777,0.5258682370185852,-0.19092912614143048,0.6922945876332661,-0.6907468224786065,-0.08451686469621923
1783516050,233903401,base,0.4284261465072632,-0.5416211485862732,0.5250335335731506,-0.19148884605726627,0.6924480174154706,-0.6904124029767105,-0.08472580374589314
1783516050,267900731,base,0.4289432764053345,-0.541649341583252,0.5241671204566956,-0.19204068312226275,0.6926111166390385,-0.6900670130634036,-0.08495731863305662
1783516050,300901306,base,0.4294584393501282,-0.5416613221168518,0.5232908725738525,-0.1925723875276285,0.6927671095717982,-0.6897410137706576,-0.08512889282041254
1783516050,332903401,base,0.4299714267253876,-0.5416741967201233,0.5224133133888245,-0.19314923060774256,0.6929110373717131,-0.6894078968982262,-0.08534879390598978
1783516050,363900600,base,0.4305047392845154,-0.5416877865791321,0.5215311646461487,-0.19376449424095513,0.6930390393687451,-0.6890804325231001,-0.08555904535913723
1783516050,391899240,base,0.43103981018066406,-0.5417279601097107,0.5206702947616577,-0.19436315002966034,0.6931643762531361,-0.688764142684234,-0.08573250371201058
1783516050,418902142,base,0.43161556124687195,-0.5417637825012207,0.5198352336883545,-0.19493989717612384,0.6932950446682485,-0.6884572023852289,-0.0858317425636297
1783516050,445897161,base,0.4322170913219452,-0.5418158173561096,0.5190321803092957,-0.19549888060536905,0.6934382148701815,-0.688141817807998,-0.08593290283947733
1783516050,473907449,base,0.43287375569343567,-0.5418685674667358,0.5182604193687439,-0.19604696611126332,0.693589708525834,-0.6878239379805021,-0.08600654732216713
1783516050,505895935,base,0.43359658122062683,-0.5419147610664368,0.5175312161445618,-0.19652691981134296,0.6937865677342983,-0.6874834718451583,-0.08604561621892894
1783516050,540900476,base,0.43435943126678467,-0.5419492125511169,0.5168793201446533,-0.19691771721255544,0.6940104074221689,-0.68714538544796,-0.08604761206069468
1783516050,579901091,base,0.435152530670166,-0.5419623851776123,0.5162639617919922,-0.1973461891858761,0.6942214318110318,-0.6868075743410574,-0.0860605268073505
1783516050,621904681,base,0.4359666705131531,-0.5419025421142578,0.5156697034835815,-0.19780829630728602,0.6943989435412554,-0.6864990213129126,-0.08602944428671366
1783516050,662897909,base,0.43679380416870117,-0.5418400168418884,0.5150788426399231,-0.19827701435957965,0.6945755038253253,-0.6861893991419159,-0.08599521841517288
1783516050,699897227,base,0.43759477138519287,-0.5417831540107727,0.5144674181938171,-0.19876445818490723,0.6947395309286691,-0.6858841572426164,-0.08598015386581223
1783516050,731895804,base,0.4383735954761505,-0.5417202115058899,0.5138353109359741,-0.1992766187974983,0.6948893222346304,-0.6855848914801602,-0.08597087828338117
1783516050,761895283,base,0.4391479194164276,-0.5416617393493652,0.5131562352180481,-0.19982847914330312,0.6950291008509558,-0.6852816269626084,-0.08597801896679079
1783516050,788896046,base,0.43986883759498596,-0.5416403412818909,0.5124608278274536,-0.2003906181276279,0.6951556156005074,-0.6849862165891819,-0.08600086996246879
1783516050,814898039,base,0.4405885338783264,-0.5416520237922668,0.5117188096046448,-0.20099663477772192,0.6952669428114774,-0.6846924321919619,-0.08602610613479124
1783516050,838901150,base,0.4412633180618286,-0.5416762232780457,0.5109755396842957,-0.20162637335534322,0.6953517334831065,-0.6844191386820327,-0.08604193181566516
1783516050,862895312,base,0.4419384300708771,-0.5416993498802185,0.5102145671844482,-0.20230154674330206,0.6954165180629385,-0.6841561012063905,-0.08602533977353106
1783516050,886894985,base,0.4426037073135376,-0.5417219996452332,0.5094549655914307,-0.20298207896521894,0.6954704206458822,-0.6839032779318059,-0.08599684996274956
1783516050,911898539,base,0.4432441294193268,-0.541782021522522,0.508670449256897,-0.2036123985106374,0.6955587230395459,-0.6836222316054728,-0.08602718307119986
1783516050,940904036,base,0.44390276074409485,-0.5418112874031067,0.5078858733177185,-0.20418211247782747,0.6956754032745152,-0.6833343089700481,-0.08602096885606977
1783516050,975897423,base,0.44455891847610474,-0.54182368516922,0.5071084499359131,-0.20466822944403046,0.6958405573668835,-0.683013676395684,-0.08607639746283019
1783516051,18896954,base,0.44522735476493835,-0.5418228507041931,0.5063621401786804,-0.2051284864474911,0.6960252593818036,-0.682675157169259,-0.08617301751290272
1783516051,68897529,base,0.44589030742645264,-0.5418097972869873,0.5056024193763733,-0.20563254792577307,0.6961889439091271,-0.6823414067396484,-0.08629257793768022
1783516051,127894410,base,0.4465436339378357,-0.5417956709861755,0.5048276782035828,-0.20617501458918777,0.6963312313838603,-0.6820190333452066,-0.0863985005548425
1783516051,186894899,base,0.44719240069389343,-0.541781485080719,0.5040526390075684,-0.20681546962053174,0.6964071753453805,-0.6817407217461527,-0.08645233416642063
1783516051,248896073,base,0.44783252477645874,-0.5417699217796326,0.5032670497894287,-0.2075411702447739,0.6964289707236294,-0.6815004995800108,-0.0864316126863336
1783516051,300895712,base,0.4484419524669647,-0.5417203307151794,0.5024605393409729,-0.20836674343134623,0.6963855832333656,-0.6813014206292058,-0.08636422358524329
1783516051,345895953,base,0.4490077793598175,-0.5416844487190247,0.5016040802001953,-0.20926846760712833,0.6963015347229131,-0.6811189564425022,-0.08630089708053708
1783516051,383897740,base,0.4495173394680023,-0.5416657328605652,0.500738263130188,-0.21021370322619892,0.6961761573002253,-0.6809675187211148,-0.0862101724050031
1783516051,418898413,base,0.45000097155570984,-0.5416399836540222,0.4998376667499542,-0.21117003854354907,0.6960499631845661,-0.6808068062352499,-0.08616112823676127
1783516051,452901045,base,0.45048215985298157,-0.5416275858879089,0.4989292025566101,-0.21212926089166056,0.6959242162471948,-0.6806439493757996,-0.08610717717968733
1783516051,485899850,base,0.45095157623291016,-0.5416210293769836,0.4980422258377075,-0.2130619984986686,0.6958027966788031,-0.6804844898389907,-0.08604579161605502
1783516051,518900268,base,0.4514257311820984,-0.5416145920753479,0.49713391065597534,-0.21399604432559338,0.6956870434475058,-0.6803194976844271,-0.08596863184104538
1783516051,551896939,base,0.45190486311912537,-0.5415896773338318,0.49623367190361023,-0.21491030355266713,0.6955714205788038,-0.6801626352300199,-0.08586465165484264
1783516051,583901410,base,0.4523884952068329,-0.5415751338005066,0.4953330457210541,-0.215869019085859,0.6954408085901329,-0.6800046925461368,-0.08576861878686151
1783516051,615900792,base,0.45288965106010437,-0.5415525436401367,0.4944385588169098,-0.2168337411582207,0.6953023989484851,-0.6798583224783878,-0.08561744127386768
1783516051,648934070,base,0.4533754289150238,-0.541554868221283,0.49353644251823425,-0.2177668249558461,0.6951821327551654,-0.6796997918113489,-0.08548442724765398
1783516051,682895422,base,0.4538862705230713,-0.5415446758270264,0.49264800548553467,-0.21871087008322682,0.6950546801942461,-0.6795488111012326,-0.08531082983745493
1783516051,715900567,base,0.454407662153244,-0.5415183305740356,0.49178269505500793,-0.21964444604431624,0.6949300862937395,-0.6793938437814753,-0.08516144544473493
1783516051,745901023,base,0.4549421966075897,-0.5415213108062744,0.4908999800682068,-0.2205597322455324,0.6948292176474964,-0.6792157351993746,-0.08503970248348222
1783516051,774896957,base,0.45546624064445496,-0.541545569896698,0.4900476336479187,-0.22142120073050744,0.6947442147417555,-0.6790351084820017,-0.08493784621124184
1783516051,806910132,base,0.4560268521308899,-0.5415493845939636,0.4892035126686096,-0.22232775241395822,0.6946385786363725,-0.6788659568895966,-0.08478569236409912
1783516051,843894658,base,0.45660027861595154,-0.541551947593689,0.48835837841033936,-0.22327398076021876,0.6945129241392218,-0.6787070904653252,-0.08460030472690139
1783516051,894897720,base,0.457171231508255,-0.5415615439414978,0.4875350296497345,-0.22419662552803798,0.694393712871257,-0.6785472136961553,-0.08442105169842988
1783516052,25896868,base,0.45775002241134644,-0.5415586829185486,0.48671942949295044,-0.22497231786723323,0.6943775022381798,-0.6783096581432486,-0.08439988895478319
1783516052,119895307,base,0.45832559466362,-0.5415362119674683,0.4858867824077606,-0.22567983203943248,0.6944063153660646,-0.6780369463996176,-0.08446531276207789
1783516052,213896840,base,0.45893049240112305,-0.541530966758728,0.48507317900657654,-0.22626579301820618,0.6945138095156008,-0.6777163100417252,-0.08458696417967133
1783516052,302896531,base,0.4595144987106323,-0.5414682626724243,0.48425668478012085,-0.2268227891988461,0.6946376944245711,-0.6773810546557625,-0.08476312583913519
1783516052,411897688,base,0.46010062098503113,-0.5413763523101807,0.48345085978507996,-0.2273914153694891,0.6947532565297339,-0.6770539008202451,-0.08490626299828528
